<?xml version="1.0" encoding="utf-16"?>
<ArrayOfCustomer xmlns:xsi="http://www.w3.org/2001/XMLSchema-instance" xmlns:xsd="http://www.w3.org/2001/XMLSchema">
  <Customer>
    <CustomerId>100</CustomerId>
    <FirstName>Lars</FirstName>
    <LastName>Thurman</LastName>
    <Invoices>
      <Invoice>
        <InvoiceId>1000</InvoiceId>
        <Number>YHKN-100-1000</Number>
        <Products>
          <Product>
            <ProductId>1</ProductId>
            <Name>Product1</Name>
            <Description>Product1 Description</Description>
          </Product>
          <Product>
            <ProductId>16</ProductId>
            <Name>Product16</Name>
            <Description>Product16 Description</Description>
          </Product>
        </Products>
      </Invoice>
      <Invoice>
        <InvoiceId>1008</InvoiceId>
        <Number>YHFE-100-1008</Number>
        <Products>
          <Product>
            <ProductId>15</ProductId>
            <Name>Product15</Name>
            <Description>Product15 Description</Description>
          </Product>
          <Product>
            <ProductId>18</ProductId>
            <Name>Product18</Name>
            <Description>Product18 Description</Description>
          </Product>
        </Products>
      </Invoice>
    </Invoices>
  </Customer>
  <Customer>
    <CustomerId>101</CustomerId>
    <FirstName>Nicholas</FirstName>
    <LastName>Tesla</LastName>
    <Invoices>
      <Invoice>
        <InvoiceId>1001</InvoiceId>
        <Number>QBCD-200-1001</Number>
        <Products>
          <Product>
            <ProductId>6</ProductId>
            <Name>Product6</Name>
            <Description>Product6 Description</Description>
          </Product>
          <Product>
            <ProductId>14</ProductId>
            <Name>Product14</Name>
            <Description>Product14 Description</Description>
          </Product>
          <Product>
            <ProductId>17</ProductId>
            <Name>Product17</Name>
            <Description>Product17 Description</Description>
          </Product>
        </Products>
      </Invoice>
      <Invoice>
        <InvoiceId>1004</InvoiceId>
        <Number>UHTR-200-1004</Number>
        <Products>
          <Product>
            <ProductId>10</ProductId>
            <Name>Product10</Name>
            <Description>Product10 Description</Description>
          </Product>
        </Products>
      </Invoice>
      <Invoice>
        <InvoiceId>1007</InvoiceId>
        <Number>AASE-200-1007</Number>
        <Products>
          <Product>
            <ProductId>11</ProductId>
            <Name>Product11</Name>
            <Description>Product11 Description</Description>
          </Product>
        </Products>
      </Invoice>
      <Invoice>
        <InvoiceId>1010</InvoiceId>
        <Number>AOIH-100-1010</Number>
        <Products>
          <Product>
            <ProductId>2</ProductId>
            <Name>Product2</Name>
            <Description>Product2 Description</Description>
          </Product>
        </Products>
      </Invoice>
    </Invoices>
  </Customer>
  <Customer>
    <CustomerId>102</CustomerId>
    <FirstName>David</FirstName>
    <LastName>Gibson</LastName>
    <Invoices>
      <Invoice>
        <InvoiceId>1002</InvoiceId>
        <Number>TYRG-200-1002</Number>
        <Products>
          <Product>
            <ProductId>2</ProductId>
            <Name>Product2</Name>
            <Description>Product2 Description</Description>
          </Product>
          <Product>
            <ProductId>5</ProductId>
            <Name>Product5</Name>
            <Description>Product5 Description</Description>
          </Product>
          <Product>
            <ProductId>8</ProductId>
            <Name>Product8</Name>
            <Description>Product8 Description</Description>
          </Product>
          <Product>
            <ProductId>14</ProductId>
            <Name>Product14</Name>
            <Description>Product14 Description</Description>
          </Product>
        </Products>
      </Invoice>
      <Invoice>
        <InvoiceId>1005</InvoiceId>
        <Number>IJHJ-300-1005</Number>
        <Products>
          <Product>
            <ProductId>16</ProductId>
            <Name>Product16</Name>
            <Description>Product16 Description</Description>
          </Product>
          <Product>
            <ProductId>20</ProductId>
            <Name>Product20</Name>
            <Description>Product20 Description</Description>
          </Product>
        </Products>
      </Invoice>
    </Invoices>
  </Customer>
  <Customer>
    <CustomerId>103</CustomerId>
    <FirstName>Paul</FirstName>
    <LastName>Heritage</LastName>
    <Invoices>
      <Invoice>
        <InvoiceId>1003</InvoiceId>
        <Number>SEFT-300-1003</Number>
        <Products>
          <Product>
            <ProductId>4</ProductId>
            <Name>Product4</Name>
            <Description>Product4 Description</Description>
          </Product>
          <Product>
            <ProductId>9</ProductId>
            <Name>Product9</Name>
            <Description>Product9 Description</Description>
          </Product>
        </Products>
      </Invoice>
      <Invoice>
        <InvoiceId>1006</InvoiceId>
        <Number>QWDD-100-1006</Number>
        <Products>
          <Product>
            <ProductId>3</ProductId>
            <Name>Product3</Name>
            <Description>Product3 Description</Description>
          </Product>
          <Product>
            <ProductId>6</ProductId>
            <Name>Product6</Name>
            <Description>Product6 Description</Description>
          </Product>
          <Product>
            <ProductId>7</ProductId>
            <Name>Product7</Name>
            <Description>Product7 Description</Description>
          </Product>
        </Products>
      </Invoice>
      <Invoice>
        <InvoiceId>1009</InvoiceId>
        <Number>EFCG-300-1009</Number>
        <Products>
          <Product>
            <ProductId>5</ProductId>
            <Name>Product5</Name>
            <Description>Product5 Description</Description>
          </Product>
        </Products>
      </Invoice>
    </Invoices>
  </Customer>
</ArrayOfCustomer>
