[
  {
    "CustomerId": 100,
    "FirstName": "Lars",
    "LastName": "Thurman",
    "Invoices": [
      {
        "InvoiceId": 1000,
        "Number": "YHKN-100-1000",
        "Products": [
          {
            "ProductId": 1,
            "Name": "Product1",
            "Description": "Product1 Description"
          },
          {
            "ProductId": 16,
            "Name": "Product16",
            "Description": "Product16 Description"
          }
        ]
      },
      {
        "InvoiceId": 1008,
        "Number": "YHFE-100-1008",
        "Products": [
          {
            "ProductId": 15,
            "Name": "Product15",
            "Description": "Product15 Description"
          },
          {
            "ProductId": 18,
            "Name": "Product18",
            "Description": "Product18 Description"
          }
        ]
      }
    ]
  },
  {
    "CustomerId": 101,
    "FirstName": "Nicholas",
    "LastName": "Tesla",
    "Invoices": [
      {
        "InvoiceId": 1001,
        "Number": "QBCD-200-1001",
        "Products": [
          {
            "ProductId": 6,
            "Name": "Product6",
            "Description": "Product6 Description"
          },
          {
            "ProductId": 14,
            "Name": "Product14",
            "Description": "Product14 Description"
          },
          {
            "ProductId": 17,
            "Name": "Product17",
            "Description": "Product17 Description"
          }
        ]
      },
      {
        "InvoiceId": 1004,
        "Number": "UHTR-200-1004",
        "Products": [
          {
            "ProductId": 10,
            "Name": "Product10",
            "Description": "Product10 Description"
          }
        ]
      },
      {
        "InvoiceId": 1007,
        "Number": "AASE-200-1007",
        "Products": [
          {
            "ProductId": 11,
            "Name": "Product11",
            "Description": "Product11 Description"
          }
        ]
      },
      {
        "InvoiceId": 1010,
        "Number": "AOIH-100-1010",
        "Products": [
          {
            "ProductId": 2,
            "Name": "Product2",
            "Description": "Product2 Description"
          }
        ]
      }
    ]
  },
  {
    "CustomerId": 102,
    "FirstName": "David",
    "LastName": "Gibson",
    "Invoices": [
      {
        "InvoiceId": 1002,
        "Number": "TYRG-200-1002",
        "Products": [
          {
            "ProductId": 2,
            "Name": "Product2",
            "Description": "Product2 Description"
          },
          {
            "ProductId": 5,
            "Name": "Product5",
            "Description": "Product5 Description"
          },
          {
            "ProductId": 8,
            "Name": "Product8",
            "Description": "Product8 Description"
          },
          {
            "ProductId": 14,
            "Name": "Product14",
            "Description": "Product14 Description"
          }
        ]
      },
      {
        "InvoiceId": 1005,
        "Number": "IJHJ-300-1005",
        "Products": [
          {
            "ProductId": 16,
            "Name": "Product16",
            "Description": "Product16 Description"
          },
          {
            "ProductId": 20,
            "Name": "Product20",
            "Description": "Product20 Description"
          }
        ]
      }
    ]
  },
  {
    "CustomerId": 103,
    "FirstName": "Paul",
    "LastName": "Heritage",
    "Invoices": [
      {
        "InvoiceId": 1003,
        "Number": "SEFT-300-1003",
        "Products": [
          {
            "ProductId": 4,
            "Name": "Product4",
            "Description": "Product4 Description"
          },
          {
            "ProductId": 9,
            "Name": "Product9",
            "Description": "Product9 Description"
          }
        ]
      },
      {
        "InvoiceId": 1006,
        "Number": "QWDD-100-1006",
        "Products": [
          {
            "ProductId": 3,
            "Name": "Product3",
            "Description": "Product3 Description"
          },
          {
            "ProductId": 6,
            "Name": "Product6",
            "Description": "Product6 Description"
          },
          {
            "ProductId": 7,
            "Name": "Product7",
            "Description": "Product7 Description"
          }
        ]
      },
      {
        "InvoiceId": 1009,
        "Number": "EFCG-300-1009",
        "Products": [
          {
            "ProductId": 5,
            "Name": "Product5",
            "Description": "Product5 Description"
          }
        ]
      }
    ]
  }
]
